Bảng,"Tên Index",Cột,"Cho phép trùng (0=No, 1=Yes)","Thứ tự cột trong Index","Độ đa dạng dữ liệu"
bills,idx_bills_user_created,user_id,1,1,0
bills,idx_bills_user_created,created_at,1,2,0
bills,PRIMARY,id,0,1,0
cache,PRIMARY,key,0,1,0
cache_locks,PRIMARY,key,0,1,17
company_profile,company_profile_industry_index,industry,1,1,75
company_profile,company_profile_instrument_id_foreign,instrument_id,1,1,169
company_profile,company_profile_sector_index,sector,1,1,11
company_profile,company_profile_symbol_index,symbol,1,1,169
crawler_states,crawler_states_last_run_at_index,last_run_at,1,1,32
crawler_states,crawler_states_locked_until_index,locked_until,1,1,1
crawler_states,crawler_states_source_index,source,1,1,1
crawler_states,crawler_states_source_symbol_unique,source,0,1,1
crawler_states,crawler_states_source_symbol_unique,symbol,0,2,419
crawler_states,crawler_states_symbol_index,symbol,1,1,419
crawler_states,PRIMARY,id,0,1,419
failed_jobs,failed_jobs_uuid_unique,uuid,0,1,0
failed_jobs,PRIMARY,id,0,1,0
history,idx_history_user_created,user_id,1,1,0
history,idx_history_user_created,created_at,1,2,0
history,PRIMARY,id,0,1,0
indicators,idx_indicators_name,name,1,1,0
indicators,PRIMARY,id,0,1,0
indicators,uq_indicators_slug,slug,0,1,0
instrument_data,idx_data_period_time,instrument_period_id,1,1,113431
instrument_data,idx_data_period_time,timestamps,1,2,12448187
instrument_data,idx_data_period_ts,instrument_period_id,1,1,162378
instrument_data,idx_data_period_ts,timestamps,1,2,12515401
instrument_data,idx_period_time_ohlc,instrument_period_id,1,1,176356
instrument_data,idx_period_time_ohlc,timestamps,1,2,12242101
instrument_data,idx_period_time_ohlc,open,1,3,12536028
instrument_data,idx_period_time_ohlc,close,1,4,12352324
instrument_data,idx_period_time_ohlc,high,1,5,12513984
instrument_data,idx_period_time_ohlc,low,1,6,12403761
instrument_data,idx_period_timestamp,instrument_period_id,1,1,154391
instrument_data,idx_period_timestamp,timestamps,1,2,12690940
instrument_data,idx_period_timestamp,open,1,3,13161832
instrument_data,idx_period_timestamp,high,1,4,12899369
instrument_data,idx_period_timestamp,low,1,5,12752696
instrument_data,idx_period_timestamp,close,1,6,13169552
instrument_data,idx_period_timestamp,volume,1,7,13169552
instrument_data,idx_period_ts,instrument_period_id,1,1,145832
instrument_data,idx_period_ts,timestamps,1,2,12727288
instrument_data,idx_period_ts_desc,instrument_period_id,1,1,176290
instrument_data,idx_period_ts_desc,timestamps,1,2,13121707
instrument_data,idx_slug_timestamp,slug,1,1,12836091
instrument_data,idx_slug_timestamp,timestamps,1,2,13084106
instrument_data,instrument_data_source_index,source,1,1,890
instrument_data,PRIMARY,id,0,1,13296715
instrument_data,slug_UNIQUE,slug,0,1,13171129
instrument_data_temp,idx_data_period_time,instrument_period_id,1,1,8615
instrument_data_temp,idx_data_period_time,timestamps,1,2,191246
instrument_data_temp,idx_data_period_ts,instrument_period_id,1,1,9202
instrument_data_temp,idx_data_period_ts,timestamps,1,2,204099
instrument_data_temp,idx_period_time_ohlc,instrument_period_id,1,1,11012
instrument_data_temp,idx_period_time_ohlc,timestamps,1,2,204100
instrument_data_temp,idx_period_time_ohlc,open,1,3,204100
instrument_data_temp,idx_period_time_ohlc,close,1,4,204100
instrument_data_temp,idx_period_time_ohlc,high,1,5,204101
instrument_data_temp,idx_period_time_ohlc,low,1,6,204101
instrument_data_temp,idx_period_timestamp,instrument_period_id,1,1,11817
instrument_data_temp,idx_period_timestamp,timestamps,1,2,204101
instrument_data_temp,idx_period_timestamp,open,1,3,204101
instrument_data_temp,idx_period_timestamp,high,1,4,204102
instrument_data_temp,idx_period_timestamp,low,1,5,204103
instrument_data_temp,idx_period_timestamp,close,1,6,204103
instrument_data_temp,idx_period_timestamp,volume,1,7,204103
instrument_data_temp,idx_period_ts,instrument_period_id,1,1,8713
instrument_data_temp,idx_period_ts,timestamps,1,2,192375
instrument_data_temp,idx_slug_timestamp,slug,1,1,203476
instrument_data_temp,idx_slug_timestamp,timestamps,1,2,201715
instrument_data_temp,instrument_data_source_index,source,1,1,9
instrument_data_temp,PRIMARY,id,0,1,193305
instrument_data_temp,slug_UNIQUE,slug,0,1,196741
instrument_periods,idx_period,period,1,1,3
instrument_periods,idx_period_instrument,instrument_id,1,1,29550
instrument_periods,idx_period_instrument,period,1,2,106720
instrument_periods,idx_periods_inst_tf,instrument_id,1,1,29370
instrument_periods,idx_periods_inst_tf,period,1,2,106720
instrument_periods,idx_slug_period_unique,slug,0,1,106720
instrument_periods,instrument_periods_slug_unique,slug,0,1,106720
instrument_periods,PRIMARY,id,0,1,106718
instrument_periods,uq_periods_inst_tf_mt,instrument_id,0,1,29537
instrument_periods,uq_periods_inst_tf_mt,period,0,2,106720
instrument_periods,uq_periods_inst_tf_mt,market,0,3,106720
instrument_snapshot,idx_snapshot_volume,volume,1,1,2011
instrument_snapshot,instrument_snapshot_symbol_index,symbol,1,1,3900
instrument_snapshot,instrument_snapshot_updated_at_index,updated_at,1,1,2727
instrument_snapshot,PRIMARY,instrument_id,0,1,3964
instruments,idx_instruments_symbol,symbol,1,1,26886
instruments,instruments_slug_unique,slug,0,1,28439
instruments,instruments_symbol_unique,symbol,0,1,26758
instruments,PRIMARY,id,0,1,28437
instruments,uq_instruments_slug,slug,0,1,28344
instruments,uq_instruments_symbol_ex,symbol,0,1,26940
instruments,uq_instruments_symbol_ex,exchange,0,2,27726
job_batches,PRIMARY,id,0,1,0
jobs,jobs_queue_index,queue,1,1,0
jobs,PRIMARY,id,0,1,0
knowledge,idx_knowledge_topic,topic,1,1,3141
knowledge,knowledge_published_at_index,published_at,1,1,3136
knowledge,knowledge_topic_author_index,topic,1,1,3141
knowledge,knowledge_topic_author_index,author,1,2,3141
knowledge,knowledge_topic_index,topic,1,1,3141
knowledge,PRIMARY,id,0,1,3141
knowledge_chunks,idx_chunks_doc,docs_id,1,1,12354
knowledge_chunks,knowledge_chunks_created_at_index,created_at,1,1,147
knowledge_chunks,knowledge_chunks_docs_id_index,docs_id,1,1,12354
knowledge_chunks,knowledge_chunks_knowledge_id_index,knowledge_id,1,1,18
knowledge_chunks,knowledge_chunks_qdrant_point_id_index,qdrant_point_id,1,1,1
knowledge_chunks,knowledge_chunks_qdrant_upserted_at_index,qdrant_upserted_at,1,1,1
knowledge_chunks,PRIMARY,id,0,1,12354
knowledge_chunks,uq_chunks_doc_index,docs_id,0,1,12354
knowledge_chunks,uq_chunks_doc_index,chunk_index,0,2,11771
knowledge_docs,idx_docs_category_lang,category,1,1,1
knowledge_docs,idx_docs_category_lang,language,1,2,14
knowledge_docs,idx_docs_created,created_at,1,1,9881
knowledge_docs,knowledge_docs_category_index,category,1,1,1
knowledge_docs,knowledge_docs_created_at_index,created_at,1,1,10070
knowledge_docs,knowledge_docs_source_unique,source,0,1,13651
knowledge_docs,PRIMARY,id,0,1,13612
migrations,PRIMARY,id,0,1,29
password_reset_tokens,PRIMARY,email,0,1,0
payment,idx_payment_user,user_id,1,1,0
payment,PRIMARY,id,0,1,0
payment_status,PRIMARY,id,0,1,0
personal_access_tokens,personal_access_tokens_expires_at_index,expires_at,1,1,1
personal_access_tokens,personal_access_tokens_token_unique,token,0,1,5
personal_access_tokens,personal_access_tokens_tokenable_type_tokenable_id_index,tokenable_type,1,1,1
personal_access_tokens,personal_access_tokens_tokenable_type_tokenable_id_index,tokenable_id,1,2,2
personal_access_tokens,PRIMARY,id,0,1,5
sessions,PRIMARY,id,0,1,36
sessions,sessions_last_activity_index,last_activity,1,1,36
sessions,sessions_user_id_index,user_id,1,1,1
stock_attributes,PRIMARY,id,0,1,21
stock_attributes,stock_attributes_instrument_id_foreign,instrument_id,1,1,16
stock_entities,PRIMARY,id,0,1,10
stock_entities,stock_entities_type_name_index,type,1,1,1
stock_entities,stock_entities_type_name_index,name,1,2,10
stock_entities,stock_entities_type_symbol_index,type,1,1,1
stock_entities,stock_entities_type_symbol_index,symbol,1,2,10
stock_entity_aliases,PRIMARY,id,0,1,89
stock_entity_aliases,stock_entity_aliases_alias_norm_index,alias_norm,1,1,89
stock_entity_aliases,stock_entity_aliases_entity_id_foreign,entity_id,1,1,10
users,PRIMARY,id,0,1,5
users,uq_users_email,email,0,1,5
users,uq_users_phone,phone,0,1,2
users,uq_users_username,username,0,1,5
users,users_email_unique,email,0,1,5
users,users_phone_unique,phone,0,1,2
users,users_username_unique,username,0,1,5
users_slug,fk_users_slug_user,user_id,1,1,0
users_slug,PRIMARY,id,0,1,0
users_slug,uq_users_slug_slug,slug,0,1,0
users_slug,users_slug_slug_unique,slug,0,1,0
